n_MC,n,T,mu,mu_n,IS_Estimate,IS_Variance,CI
10000,1000,2,0.01,10,2.813227e-13,2.118518e-22,2.852753e-13