n_MC,n,T,mu,mu_n,IS_Estimate,IS_Variance,CI
10000,1000,4,0.01,10,8.164511e-24,1.780195e-43,8.269549e-24