n_MC,n,T,mu,mu_n,IS_Estimate,IS_Variance,CI
10000,1000,2,0.01,10,1.538990e-08,6.842348e-13,1.621253e-08