n_MC,n,T,mu,mu_n,IS_Estimate,IS_Variance,CI
10000,1000,2,0.01,10,1.840537e-04,1.025535e-04,1.984830e-04