n_MC,n,T,mu,mu_n,IS_Estimate,IS_Variance,CI
10000,1000,0,0.01,10,7.739084e-01,1.129772e+01,6.587847e-02