n_MC,n,T,mu,mu_n,IS_Estimate,IS_Variance,CI
10000,1000,4,0.01,10,2.187679e-29,1.258323e-54,2.198590e-29