n_MC,n,T,mu,mu_n,IS_Estimate,IS_Variance,CI
10000,1000,4,0.01,10,4.234057e-35,4.271129e-66,4.050601e-35