n_MC,n,T,mu,mu_n,IS_Estimate,IS_Variance,CI
10000,1000,4,0.02,20,2.101189e-18,3.011800e-32,3.401427e-18