n_MC,n,T,mu,mu_n,IS_Estimate,IS_Variance,CI
10000,1000,2,0.02,20,7.918215e-05,3.313262e-05,1.128174e-04