n_MC,n,T,mu,mu_n,IS_Estimate,IS_Variance,CI
10000,1000,0,0.02,20,1.167578e-01,2.144495e-02,2.870190e-03