n_MC,n,T,mu,mu_n,IS_Estimate,IS_Variance,CI
10000,1000,4,0.02,20,1.431742e-29,1.299109e-54,2.233937e-29