n_MC,n,T,mu,mu_n,IS_Estimate,IS_Variance,CI
10000,1000,2,0.02,20,9.818828e-09,5.803957e-13,1.493173e-08