n_MC,n,T,mu,mu_n,IS_Estimate,IS_Variance,CI
10000,1000,4,0.02,20,7.545738e-24,3.722759e-43,1.195861e-23