n_MC,n,T,mu,mu_n,IS_Estimate,IS_Variance,CI
10000,1000,2,0.02,20,4.878022e-02,8.913035e+00,5.851415e-02