n_MC,n,T,mu,mu_n,IS_Estimate,IS_Variance,CI
10000,1000,4,0.03,30,1.542234e-21,6.425787e-39,1.571127e-21