n_MC,n,T,mu,mu_n,IS_Estimate,IS_Variance,CI
10000,1000,2,0.03,30,5.158505e-04,1.499867e-04,2.400349e-04