n_MC,n,T,mu,mu_n,IS_Estimate,IS_Variance,CI
10000,1000,2,0.04,40,1.229752e-02,7.810852e-01,1.732197e-02