n_MC,n,T,mu,mu_n,IS_Estimate,IS_Variance,CI
10000,1000,4,0.04,40,1.887633e-17,3.477453e-30,3.654927e-17