n_MC,n,T,mu,mu_n,IS_Estimate,IS_Variance,CI
10000,1000,2,0.05,50,8.320957e-03,2.274228e-02,2.955733e-03