n_MC,n,T,mu,mu_n,IS_Estimate,IS_Variance,CI
10000,1000,4,0.05,50,4.618233e-18,3.832674e-32,3.837064e-18