n_MC,n,T,mu,mu_n,IS_Estimate,IS_Variance,CI
10000,1000,4,0.06,60,6.378279e-16,2.925372e-27,1.060080e-15