n_MC,n,T,mu,mu_n,IS_Estimate,IS_Variance,CI
10000,1000,2,0.06,60,1.581884e-02,1.656758e-01,7.977699e-03