n_MC,n,T,mu,mu_n,IS_Estimate,IS_Variance,CI
10000,1000,2,0.07,70,1.342920e-02,6.299282e-02,4.919190e-03