n_MC,n,T,mu,mu_n,IS_Estimate,IS_Variance,CI
10000,1000,4,0.07,70,2.758987e-15,2.621699e-26,3.173508e-15