n_MC,n,T,mu,mu_n,IS_Estimate,IS_Variance,CI
10000,1000,2,0.08,80,8.960843e-03,5.329296e-02,4.524629e-03