n_MC,n,T,mu,mu_n,IS_Estimate,IS_Variance,CI
10000,1000,4,0.08,80,2.945154e-14,2.279414e-24,2.959100e-14