n_MC,n,T,mu,mu_n,IS_Estimate,IS_Variance,CI
10000,1000,2,0.09,90,1.627682e-03,5.621324e-04,4.646944e-04