n_MC,n,T,mu,mu_n,IS_Estimate,IS_Variance,CI
10000,1000,4,0.09,90,2.513387e-14,2.102859e-24,2.842190e-14