n_MC,n,T,mu,mu_n,IS_Estimate,IS_Variance,CI
10000,1000,4,0.11,110,1.646183e-14,2.002168e-25,8.769975e-15