n_MC,n,T,mu,mu_n,IS_Estimate,IS_Variance,CI
10000,1000,2,0.11,110,4.657182e-05,5.620388e-07,1.469370e-05