n_MC,n,T,mu,mu_n,IS_Estimate,IS_Variance,CI
10000,1000,2,0.12,120,3.418244e-06,3.501427e-09,1.159767e-06