n_MC,n,T,mu,mu_n,IS_Estimate,IS_Variance,CI
10000,1000,4,0.12,120,4.961015e-14,1.266178e-23,6.974218e-14