n_MC,n,T,mu,mu_n,IS_Estimate,IS_Variance,CI
10000,1000,4,0.13,130,2.239949e-14,1.274850e-24,2.212981e-14