n_MC,n,T,mu,mu_n,IS_Estimate,IS_Variance,CI
10000,1000,2,0.13,130,2.168609e-07,2.365200e-11,9.531955e-08