n_MC,n,T,mu,mu_n,IS_Estimate,IS_Variance,CI
10000,1000,2,0.14,140,2.664618e-08,1.949467e-12,2.736567e-08