n_MC,n,T,mu,mu_n,IS_Estimate,IS_Variance,CI
10000,1000,4,0.14,140,3.164529e-13,6.375418e-22,4.948829e-13