n_MC,n,T,mu,mu_n,IS_Estimate,IS_Variance,CI
10000,1000,4,0.15,150,4.151826e-15,7.753618e-26,5.457582e-15