n_MC,n,T,mu,mu_n,IS_Estimate,IS_Variance,CI
10000,1000,2,0.15,150,9.484641e-10,1.667266e-15,8.002958e-10