n_MC,n,T,mu,mu_n,IS_Estimate,IS_Variance,CI
10000,1000,4,0.17,170,1.477723e-16,1.451001e-28,2.360924e-16