n_MC,n,T,mu,mu_n,IS_Estimate,IS_Variance,CI
10000,1000,2,0.17,170,2.268951e-13,2.331864e-23,9.464544e-14