n_MC,n,T,mu,mu_n,IS_Estimate,IS_Variance,CI
10000,1000,4,0.18,180,4.983471e-17,2.148091e-29,9.083944e-17