n_MC,n,T,mu,mu_n,IS_Estimate,IS_Variance,CI
10000,1000,2,0.18,180,4.788322e-15,5.694570e-26,4.677121e-15