n_MC,n,T,mu,mu_n,IS_Estimate,IS_Variance,CI
10000,1000,2,0.19,190,7.626555e-17,1.105899e-29,6.517872e-17