n_MC,n,T,mu,mu_n,IS_Estimate,IS_Variance,CI
10000,1000,4,0.19,190,2.338275e-17,4.830640e-30,4.307749e-17