n_MC,n,T,mu,mu_n,IS_Estimate,IS_Variance,CI
10000,1000,2,0.10,100,3.502529e-04,4.522203e-05,1.318023e-04