n_MC,n,T,mu,mu_n,IS_Estimate,IS_Variance,CI
10000,1000,4,0.10,100,8.045300e-14,1.502348e-23,7.596847e-14