n_MC,n,T,mu,mu_n,IS_Estimate,IS_Variance,CI
10000,1000,2,0.20,200,9.594027e-19,9.354860e-34,5.994690e-19