n_MC,n,T,mu,mu_n,IS_Estimate,IS_Variance,CI
10000,1000,4,0.20,200,5.204709e-19,1.237317e-33,6.894275e-19