n_MC,n,T,mu,mu_n,IS_Estimate,IS_Variance,CI
10000,1000,4,0.20,200,7.139578e-19,3.338771e-33,1.132508e-18